app_name,apm,rum,slo,alerts,dashboard,infra,events,governance
App1,Si,No,Si,Si,Si,Si,Parcial,No
App2,Si,No,No,No,No,Parcial,No,No
App3,Si,No,No,Si,Si,Si,Parcial,No
App4,Si,Si,No,Si,Si,Si,Parcial,No
App5,Si,No,No,Si,Si,Si,Parcial,No
App6,Si,No,No,Si,No,Parcial,Parcial,No
App7,Si,No,No,No,No,Parcial,Parcial,No
App8,Si,Si,No,No,Parcial,Parcial,No,No
App9,Si,No,No,Si,No,Si,Parcial,No
App10,Si,Si,No,Si,No,Parcial,Parcial,No
App11,Si,No,Si,Si,Si,Parcial,Parcial,No
App12,Si,Si,Si,Si,Si,Parcial,Parcial,No
App13,Si,Si,No,Si,Si,Parcial,Parcial,No
App14,Si,No,No,No,Si,Si,Parcial,No
App15,Si,Si,Si,Si,Si,Parcial,Parcial,No
App16,Si,Si,Si,Si,Si,Parcial,Parcial,No
App17,Si,Si,No,No,No,Parcial,No,No
App18,Si,No,No,Si,Si,Si,Parcial,No
App19,Si,No,No,No,No,Parcial,Parcial,No
App20,Si,Si,Si,Parcial,Si,Parcial,No,No
